document,platform,stage,location,code,message,fragment
"MCB.CLT.TBL.COLLATERAL_ALLOCATIONS.docx","oracle","GENERATION","","ORACLE_NUMBER_PRECISION_UNSUPPORTED","IllegalArgumentException: Oracle NUMBER precision exceeds maximum 38: 510",""
"MCB.CLT.TBL.COLLATERAL_ALLOCATIONS.docx","db2zos","GENERATION","","DB2_DECIMAL_PRECISION_UNSUPPORTED","IllegalArgumentException: Db2 z/OS DECIMAL precision exceeds 31: NUMBER(510)",""
"MCB.CLT.TBL.COLLATERAL_ALLOCATIONS.docx","sqlserver","GENERATION","","SQLSERVER_DECIMAL_PRECISION_UNSUPPORTED","IllegalArgumentException: SQL Server DECIMAL precision exceeds maximum 38: NUMBER(510)",""
"MCB.CLT.TBL.COLLATERAL_ALLOCATIONS.docx","mysql","GENERATION","","MYSQL_DECIMAL_PRECISION_UNSUPPORTED","IllegalArgumentException: Unsupported MySQL logical mapping for DataType[name=NUMBER, length=null, lengthSemantics=DEFAULT, precision=510, scale=null]: DECIMAL precision must be between 1 and 65",""
"MCB.CLT.TBL.COLLATERAL_DEFINITION_EXCLUSIVE_ITEMS.V0.7.docx","mysql","GENERATION","","MYSQL_MULTIPLE_AUTO_INCREMENT","IllegalArgumentException: MySQL permits only one AUTO_INCREMENT column per table: CLT.COLLATERAL_DEFINITION_EXCLUSIVE_ITEMS",""
"MCB.CLT.TBL.COLLATERAL_TRANSACTIONS.V0.1.docx","mysql","GENERATION","","MYSQL_MULTIPLE_AUTO_INCREMENT","IllegalArgumentException: MySQL permits only one AUTO_INCREMENT column per table: CLT.COLLATERAL_TRANSACTIONS",""
"MCB.CLT.TBL.COLLATERAL_TRANSACTIONS.docx","mysql","GENERATION","","MYSQL_MULTIPLE_AUTO_INCREMENT","IllegalArgumentException: MySQL permits only one AUTO_INCREMENT column per table: CLT.COLLATERAL_TRANSACTIONS",""
"MCB.CSH.TBL.SECURITIES_DETAILS.docx","mysql","GENERATION","","MYSQL_MULTIPLE_AUTO_INCREMENT","IllegalArgumentException: MySQL permits only one AUTO_INCREMENT column per table: CASH.SECURITIES_DETAILS",""
"MCB.CSH.TBL.SECURITIES_SALE_PROFILE_HISTORY.docx","mysql","GENERATION","","MYSQL_MULTIPLE_AUTO_INCREMENT","IllegalArgumentException: MySQL permits only one AUTO_INCREMENT column per table: CSH.SECURITIES_SALE_PROFILE_HISTORY",""
"MCB.DPS.TBL.BLOCK_UNBLOCK_DEPOSITS.docx","mysql","GENERATION","","MYSQL_MULTIPLE_AUTO_INCREMENT","IllegalArgumentException: MySQL permits only one AUTO_INCREMENT column per table: DPS.BLOCK_UNBLOCK_DEPOSITS",""
"MCB.DPS.TBL.DEPOSIT_FINANCIAL_TRANSACTIONS.docx","mysql","GENERATION","","MYSQL_IDENTITY_INTEGER_UNREPRESENTABLE","IllegalArgumentException: MySQL AUTO_INCREMENT requires an integer column; no lossless integer mapping exists for DataType[name=NUMBER, length=null, lengthSemantics=DEFAULT, precision=20, scale=null] on DEPOSIT_FINANCIAL_TRANSACTION_ID",""
"MCB.DPS.TBL.DEPOSIT_HISTORY.docx","oracle","GENERATION","","CANONICAL_DATATYPE_UNRESOLVED","IllegalArgumentException: Unresolved canonical datatype for DPS.DEPOSIT_HISTORY.DEPOSIT_STATUS; source specification must provide an exact datatype before DDL generation",""
"MCB.DPS.TBL.DEPOSIT_HISTORY.docx","postgresql","GENERATION","","CANONICAL_DATATYPE_UNRESOLVED","IllegalArgumentException: Unresolved canonical datatype for DPS.DEPOSIT_HISTORY.DEPOSIT_STATUS; source specification must provide an exact datatype before DDL generation",""
"MCB.DPS.TBL.DEPOSIT_HISTORY.docx","db2zos","GENERATION","","CANONICAL_DATATYPE_UNRESOLVED","IllegalArgumentException: Unresolved canonical datatype for DPS.DEPOSIT_HISTORY.DEPOSIT_STATUS; source specification must provide an exact datatype before DDL generation",""
"MCB.DPS.TBL.DEPOSIT_HISTORY.docx","sqlserver","GENERATION","","CANONICAL_DATATYPE_UNRESOLVED","IllegalArgumentException: Unresolved canonical datatype for DPS.DEPOSIT_HISTORY.DEPOSIT_STATUS; source specification must provide an exact datatype before DDL generation",""
"MCB.DPS.TBL.DEPOSIT_HISTORY.docx","mysql","GENERATION","","CANONICAL_DATATYPE_UNRESOLVED","IllegalArgumentException: Unresolved canonical datatype for DPS.DEPOSIT_HISTORY.DEPOSIT_STATUS; source specification must provide an exact datatype before DDL generation",""
"MCB.DPS.TBL.DEPOSIT_INTEREST_DESTINATION_PROFILES.docx","mysql","GENERATION","","MYSQL_SEQUENCE_NEXTVAL_UNSUPPORTED","UnsupportedOperationException: MySQL logical foundation does not map sequence NEXTVAL expressions",""
"MCB.DPS.TBL.DEPOSIT_OPENING_CONDITION_PROFILES.docx","mysql","GENERATION","","MYSQL_SEQUENCE_NEXTVAL_UNSUPPORTED","UnsupportedOperationException: MySQL logical foundation does not map sequence NEXTVAL expressions",""
"MCB.DPS.TBL.SUPPORTIVE_DEPOSIT_HISTORY.docx","oracle","GENERATION","","CANONICAL_DATATYPE_UNRESOLVED","IllegalArgumentException: Unresolved canonical datatype for DPS.SUPPORTIVE_DEPOSITS.SUPPORTIVE_DEPOSIT_HISTORY_ID; source specification must provide an exact datatype before DDL generation",""
"MCB.DPS.TBL.SUPPORTIVE_DEPOSIT_HISTORY.docx","postgresql","GENERATION","","CANONICAL_DATATYPE_UNRESOLVED","IllegalArgumentException: Unresolved canonical datatype for DPS.SUPPORTIVE_DEPOSITS.SUPPORTIVE_DEPOSIT_HISTORY_ID; source specification must provide an exact datatype before DDL generation",""
"MCB.DPS.TBL.SUPPORTIVE_DEPOSIT_HISTORY.docx","db2zos","GENERATION","","CANONICAL_DATATYPE_UNRESOLVED","IllegalArgumentException: Unresolved canonical datatype for DPS.SUPPORTIVE_DEPOSITS.SUPPORTIVE_DEPOSIT_HISTORY_ID; source specification must provide an exact datatype before DDL generation",""
"MCB.DPS.TBL.SUPPORTIVE_DEPOSIT_HISTORY.docx","sqlserver","GENERATION","","CANONICAL_DATATYPE_UNRESOLVED","IllegalArgumentException: Unresolved canonical datatype for DPS.SUPPORTIVE_DEPOSITS.SUPPORTIVE_DEPOSIT_HISTORY_ID; source specification must provide an exact datatype before DDL generation",""
"MCB.DPS.TBL.SUPPORTIVE_DEPOSIT_HISTORY.docx","mysql","GENERATION","","CANONICAL_DATATYPE_UNRESOLVED","IllegalArgumentException: Unresolved canonical datatype for DPS.SUPPORTIVE_DEPOSITS.SUPPORTIVE_DEPOSIT_HISTORY_ID; source specification must provide an exact datatype before DDL generation",""
"MCB.GLD.TBL.SAMPLE_LEDGER_RELATIONS.V1.0.docx","mysql","GENERATION","","MYSQL_MULTIPLE_AUTO_INCREMENT","IllegalArgumentException: MySQL permits only one AUTO_INCREMENT column per table: GLD.SAMPLE_LEDGER_RELATIONS",""
"MCB.LON.TBL.LOAN_TRANSACTIONS.docx","mysql","GENERATION","","MYSQL_MULTIPLE_AUTO_INCREMENT","IllegalArgumentException: MySQL permits only one AUTO_INCREMENT column per table: LON.LOAN_TRANSACTIONS",""
"MCB.PRD.TBL.PROFILE_TYPES.docx","oracle","GENERATION","","CANONICAL_DATATYPE_UNRESOLVED","IllegalArgumentException: Unresolved canonical datatype for PRD.PROFILE_TYPES.IS_MULTI_CHOICE; source specification must provide an exact datatype before DDL generation",""
"MCB.PRD.TBL.PROFILE_TYPES.docx","postgresql","GENERATION","","CANONICAL_DATATYPE_UNRESOLVED","IllegalArgumentException: Unresolved canonical datatype for PRD.PROFILE_TYPES.IS_MULTI_CHOICE; source specification must provide an exact datatype before DDL generation",""
"MCB.PRD.TBL.PROFILE_TYPES.docx","db2zos","GENERATION","","CANONICAL_DATATYPE_UNRESOLVED","IllegalArgumentException: Unresolved canonical datatype for PRD.PROFILE_TYPES.IS_MULTI_CHOICE; source specification must provide an exact datatype before DDL generation",""
"MCB.PRD.TBL.PROFILE_TYPES.docx","sqlserver","GENERATION","","CANONICAL_DATATYPE_UNRESOLVED","IllegalArgumentException: Unresolved canonical datatype for PRD.PROFILE_TYPES.IS_MULTI_CHOICE; source specification must provide an exact datatype before DDL generation",""
"MCB.PRD.TBL.PROFILE_TYPES.docx","mysql","GENERATION","","CANONICAL_DATATYPE_UNRESOLVED","IllegalArgumentException: Unresolved canonical datatype for PRD.PROFILE_TYPES.IS_MULTI_CHOICE; source specification must provide an exact datatype before DDL generation",""
"MCB.USR.TBL.ROLES.docx","mysql","GENERATION","","MYSQL_MULTIPLE_AUTO_INCREMENT","IllegalArgumentException: MySQL permits only one AUTO_INCREMENT column per table: USR.ROLES",""
